"MSI GeForce RTX 3090 VENTUS 3X 24G OC";"от257 990 до 289 999 р."
"Gigabyte GeForce RTX 3090 TURBO 24G";"от269 792 до 298 822 р."
"Gigabyte GeForce RTX 3090 GAMING OC 24G";"от267 918 до 298 929 р."
"MSI GeForce RTX 3090 GAMING X TRIO";"от260 000 до 295 990 р."
"Asus GeForce RTX 3090 TUF GAMING OC";"от260 000 до 326 590 р."
"Gigabyte GeForce RTX 3090 VISION OC 24G";265 000 р.
"Asus GeForce RTX 3090 EKWB";"от285 540 до 285 900 р."
"Asus GeForce RTX 3090 TURBO";от265 000 р.
"Asus GeForce RTX 3090 ROG STRIX OC";"от276 235 до 292 360 р."
"Gigabyte AORUS RTX 3090 GAMING BOX";247 500 р.
"Asus GeForce RTX 3090 ROG STRIX OC White";от252 350 р.
"Palit GeForce RTX 3090 GamingPro";"от265 000 до 321 270 р."
"ZOTAC GeForce RTX 3090 Trinity OC";"от285 540 до 285 900 р."
"Gigabyte GeForce RTX 3090 AORUS XTREME 24G";"от279 990 до 335 033 р."
"Gigabyte GeForce RTX 3090 AORUS MASTER 24G";"от247 700 до 290 200 р."
"Gigabyte GeForce RTX 3090 AORUS XTREME WATERFORCE WB 24G";от269 990 р.
"ZOTAC GeForce RTX 3090 AMP Extreme Holo";"от274 990 до 290 200 р."
"MSI GeForce RTX 3090 SUPRIM X 24G";от263 500 р.
"Gigabyte GeForce RTX 3090 EAGLE OC 24G";299 999 р.
"EVGA GeForce RTX 3090 FTW3 ULTRA GAMING";от245 200 р.
"Colorful GeForce RTX 3090 Advanced OC-V";от280 400 р.
"ZOTAC GeForce RTX 3090 ArcticStorm";от306 100 р.
"MSI GeForce RTX 3090 GAMING TRIO 24G";от294 990 р.
"Asus GeForce RTX 3090 ROG STRIX White";270 000 р.
"MSI GeForce RTX 3090 GAMING TRIO 24G";oт294 990 р.
"Asus GeForce RTX 3090 ROG STRIX White";270 000 р.
"EVGA GeForce RTX 3090 XC3 BLACK GAMING";265 000 р.
"EVGA GeForce RTX 3090 XC3 ULTRA GAMING";oт261 990 р.
"INNO3D GeForce RTX 3090 ICHILL X4";oт289 999 р.
"PNY GeForce RTX 3090 24GB XLR8 Gaming REVEL EPIC-X";oт401 990 р.
"Gigabyte GeForce RTX 3090 AORUS XTREME WATERFORCE 24G";oт335 990 р.
"MSI GeForce RTX 3090 AERO 24G";oт226 900 р.
"Gainward GeForce RTX 3090 Phantom GS";"Нет в наличии"
"INNO3D GeForce RTX 3090 X3";oт249 000 р.
"INNO3D GeForce RTX 3090 ICHILL FROSTBITE";"Нет в наличии"
"KFA2 GeForce RTX 3090 39NSM5MD1GNK";"Нет в наличии"
"EVGA GeForce RTX 3090 FTW3 GAMING";"Нет в наличии"
"MSI GeForce RTX 3090 VENTUS 3X 24G";oт162 200 р.
"ZOTAC GeForce RTX 3090 AMP Core Holo";oт209 500 р.
"Colorful GeForce RTX 3090 Neptune OC-V";oт272 950 р.
"INNO3D GeForce RTX 3090 ICHILL X3";oт274 399 р.
"INNO3D GeForce RTX 3090 GAMING X3";oт239 770 р.
"EVGA GeForce RTX 3090 XC3 GAMING";"Нет в наличии"
"Colorful GeForce RTX 3090 Vulcan OC-V";oт272 900 р.
"KFA2 GeForce RTX 3090 39NXM5MD3BNK";"Нет в наличии"
"KFA2 GeForce RTX 3090 39NXM5MD3BLK";"Нет в наличии"
"EVGA GeForce RTX 3090 K|NGP|N HYBRID GAMING";oт303 302 р.
"EVGA GeForce RTX 3090 XC3 ULTRA HYDRO COPPER GAMING";"Нет в наличии"
"EVGA GeForce RTX 3090 FTW3 ULTRA HYDRO COPPER GAMING";"Нет в наличии"
"EVGA GeForce RTX 3090 XC3 ULTRA HYBRID GAMING";oт213 290 р.
"EVGA GeForce RTX 3090 FTW3 ULTRA HYBRID GAMING";oт235 066 р.
"PNY GeForce RTX 3090 24GB XLR8 Gaming UPRISING EPIC-X";oт478 975 р.
